model,split,accuracy,precision,recall,f1,roc_auc,confusion_matrix,train_f1
Dummy,validation,0.7493333333333333,0.7493333333333333,1.0,0.8567073170731707,0.5,"[[0, 94], [0, 281]]",0.8558352402745996
LogisticRegression,validation,0.88,0.9645669291338582,0.8718861209964412,0.9158878504672897,0.9665328992201105,"[[85, 9], [36, 245]]",0.9390681003584229
DecisionTree,validation,1.0,1.0,1.0,1.0,1.0,"[[94, 0], [0, 281]]",1.0
DecisionTree,test,1.0,1.0,1.0,1.0,1.0,"[[95, 0], [0, 280]]",
