model,split,r2,mae,rmse,train_r2
Dummy,validation,-0.002500778109850499,907.2555626666667,1165.9456460067197,0.0
Ridge,validation,0.7525566474135315,463.2891054580882,579.2604021192633,0.7997663779104601
DecisionTree,validation,0.8799677170031132,299.9663733333333,403.4455959103614,1.0
DecisionTree,test,0.8562029498975429,383.7325333333334,517.5120301632932,
